RANK,Country,latitude,longitude,Happiness score,Whisker-high,Whisker-low,Dystopia (1.83) + residual,Explained by: GDP per capita,Explained by: Social support,Explained by: Healthy life expectancy,Explained by: Freedom to make life choices,Explained by: Generosity,Explained by: Perceptions of corruption,,,latitude,longitude,country
1,Finland,61.92411,25.748151,7.821,"7,886","7,756","2,518","1,892","1,258","0,775","0,736","0,109","0,534","5,668",,42.546245,1.601554,Andorra
2,Denmark,56.26392,9.501785,7.636,"7,710","7,563","2,226","1,953","1,243","0,777","0,719","0,188","0,532","5,422",,23.424076,53.847818,United Arab Emirates
3,Iceland,64.963051,-19.020835,7.557,"7,651","7,464","2,320","1,936","1,320","0,803","0,718","0,270","0,191","5,576",,33.93911,67.709953,Afghanistan
4,Switzerland,46.818188,8.227512,7.512,"7,586","7,437","2,153","2,026","1,226","0,822","0,677","0,147","0,461","5,405",,17.060816,-61.796428,Antigua and Barbuda
5,Netherlands,52.132633,5.291266,7.415,"7,471","7,359","2,137","1,945","1,206","0,787","0,651","0,271","0,419","5,288",,18.220554,-63.068615,Anguilla
6,Luxembourg*,49.815273,6.129583,7.404,"7,501","7,307","2,042","2,209","1,155","0,790","0,700","0,120","0,388","5,406",,41.153332,20.168331,Albania
7,Sweden,60.128161,18.643501,7.384,"7,454","7,315","2,003","1,920","1,204","0,803","0,724","0,218","0,512","5,127",,40.069099,45.038189,Armenia
8,Norway,60.472024,8.468946,7.365,"7,440","7,290","1,925","1,997","1,239","0,786","0,728","0,217","0,474","5,161",,12.226079,-69.060087,Netherlands Antilles
9,Israel,31.046051,34.851612,7.364,"7,426","7,301","2,634","1,826","1,221","0,818","0,568","0,155","0,143","5,681",,-11.202692,17.873887,Angola
10,New Zealand,-40.900557,174.885971,7.200,"7,279","7,120","1,954","1,852","1,235","0,752","0,680","0,245","0,483","5,041",,-75.250973,-0.071389,Antarctica
11,Austria,47.516231,14.550072,7.163,"7,237","7,089","2,148","1,931","1,165","0,774","0,623","0,193","0,329","5,244",,-38.416097,-63.616672,Argentina
12,Australia,-25.274398,133.775136,7.162,"7,244","7,081","2,011","1,900","1,203","0,772","0,676","0,258","0,341","5,114",,-14.270972,-170.132217,American Samoa
13,Ireland,53.41291,-8.24389,7.041,"7,121","6,961","1,743","2,129","1,166","0,779","0,627","0,190","0,408","5,038",,47.516231,14.550072,Austria
14,Germany,51.165691,10.451526,7.034,"7,122","6,947","2,142","1,924","1,088","0,776","0,585","0,163","0,358","5,154",,-25.274398,133.775136,Australia
15,Canada,56.130366,-106.346771,7.025,"7,107","6,943","1,924","1,886","1,188","0,783","0,659","0,217","0,368","4,998",,12.52111,-69.968338,Aruba
16,United States,37.09024,-95.712891,6.977,"7,065","6,888","2,214","1,982","1,182","0,628","0,574","0,220","0,177","5,378",,40.143105,47.576927,Azerbaijan
17,United Kingdom,55.378051,-3.435973,6.943,"7,018","6,867","1,967","1,867","1,143","0,750","0,597","0,289","0,329","4,977",,43.915886,17.679076,Bosnia and Herzegovina
18,Czechia,49.817492,15.472962,6.920,"7,029","6,811","2,263","1,815","1,260","0,715","0,660","0,158","0,048","5,338",,13.193887,-59.543198,Barbados
19,Belgium,50.503887,4.469936,6.805,"6,890","6,720","2,283","1,907","1,106","0,764","0,492","0,049","0,204","5,296",,23.684994,90.356331,Bangladesh
20,France,46.227638,2.213749,6.687,"6,758","6,615","1,895","1,863","1,219","0,808","0,567","0,070","0,266","4,977",,50.503887,4.469936,Belgium
21,Bahrain,25.930414,50.637772,6.647,"6,779","6,514","2,092","1,854","1,029","0,625","0,693","0,199","0,155","4,975",,12.238333,-1.561593,Burkina Faso
22,Slovenia,46.151241,14.995463,6.630,"6,718","6,542","1,885","1,810","1,249","0,769","0,685","0,118","0,115","4,944",,42.733883,25.48583,Bulgaria
23,Costa Rica,9.748917,-83.753428,6.582,"6,683","6,481","2,346","1,584","1,054","0,744","0,661","0,089","0,102","4,984",,25.930414,50.637772,Bahrain
24,United Arab Emirates,23.424076,53.847818,6.576,"6,660","6,492","1,809","1,998","0,980","0,633","0,702","0,204","0,250","3,807",,-3.373056,29.918886,Burundi
25,Saudi Arabia,23.885942,45.079162,6.523,"6,637","6,409","2,075","1,870","1,092","0,577","0,651","0,078","0,180","5,037",,9.30769,2.315834,Benin
26,Taiwan Province of China,23.69781,120.960515,6.512,"6,596","6,429","2,002","1,897","1,095","0,733","0,542","0,075","0,168","4,994",,32.321384,-64.75737,Bermuda
27,Singapore,1.352083,103.819836,6.480,"6,569","6,392","0,932","2,149","1,127","0,851","0,672","0,163","0,587","3,276",,4.535277,114.727669,Brunei
28,Romania,45.943161,24.96676,6.477,"6,575","6,379","2,446","1,719","1,006","0,655","0,605","0,039","0,006","5,171",,-16.290154,-63.588653,Bolivia
29,Spain,40.463667,-3.74922,6.476,"6,560","6,392","1,893","1,808","1,211","0,808","0,505","0,101","0,149","4,912",,-14.235004,-51.92528,Brazil
30,Uruguay,-32.522779,-55.765835,6.474,"6,562","6,386","1,974","1,615","1,180","0,672","0,665","0,103","0,265","4,769",,25.03428,-77.39628,Bahamas
31,Italy,41.87194,12.56738,6.467,"6,570","6,363","2,222","1,834","1,052","0,801","0,412","0,085","0,059","5,108",,27.514162,90.433601,Bhutan
32,Kosovo,42.602636,20.902977,6.455,"6,571","6,339","2,631","1,362","0,949","0,569","0,599","0,309","0,035","3,993",,-54.423199,3.413194,Bouvet Island
33,Malta,35.937496,14.375416,6.447,"6,535","6,359","1,631","1,838","1,169","0,789","0,679","0,174","0,166","4,638",,-22.328474,24.684866,Botswana
34,Lithuania,55.169438,23.881275,6.446,"6,535","6,356","2,153","1,804","1,204","0,659","0,496","0,053","0,077","5,161",,53.709807,27.953389,Belarus
35,Slovakia,48.669026,19.699024,6.391,"6,475","6,306","2,094","1,736","1,232","0,707","0,479","0,118","0,025","5,062",,17.189877,-88.49765,Belize
36,Estonia,58.595272,25.013607,6.341,"6,415","6,266","1,442","1,793","1,232","0,728","0,689","0,123","0,333","4,467",,56.130366,-106.346771,Canada
37,Panama,8.537981,-80.782127,6.309,"6,464","6,154","2,086","1,715","1,107","0,709","0,592","0,049","0,051","4,908",,-12.164165,96.870956,Cocos [Keeling] Islands
38,Brazil,-14.235004,-51.92528,6.293,"6,384","6,202","2,361","1,462","1,044","0,615","0,546","0,131","0,134","4,867",,-4.038333,21.758664,Congo
39,Guatemala*,15.783471,-90.230759,6.262,"6,460","6,064","2,746","1,274","0,831","0,522","0,662","0,112","0,115","4,020",,6.611111,20.939444,Central African Republic
40,Kazakhstan,48.019573,66.923684,6.234,"6,330","6,138","1,860","1,668","1,220","0,611","0,584","0,134","0,157","4,748",,-0.228021,15.827659,Congo [Republic]
41,Cyprus,35.126413,33.429859,6.221,"6,320","6,122","2,044","1,815","0,909","0,819","0,448","0,123","0,062","3,859",,46.818188,8.227512,Switzerland
42,Latvia,56.879635,24.603189,6.180,"6,255","6,106","1,923","1,732","1,221","0,637","0,502","0,075","0,090","4,876",,7.539989,-5.54708,C√¥te d'Ivoire
43,Serbia,44.016521,21.005859,6.178,"6,294","6,062","2,031","1,550","1,086","0,658","0,546","0,219","0,088","4,667",,-21.236736,-159.777671,Cook Islands
44,Chile,-35.675147,-71.542969,6.172,"6,262","6,082","2,040","1,651","1,080","0,748","0,460","0,124","0,069","4,771",,-35.675147,-71.542969,Chile
45,Nicaragua,12.865416,-85.207229,6.165,"6,312","6,017","2,418","1,105","1,029","0,617","0,617","0,168","0,212","4,552",,7.369722,12.354722,Cameroon
46,Mexico,23.634501,-102.552784,6.128,"6,238","6,017","2,239","1,552","0,886","0,623","0,621","0,092","0,115","3,791",,35.86166,104.195397,China
47,Croatia,45.1,15.2,6.125,"6,229","6,022","1,884","1,705","1,183","0,709","0,535","0,109","0,000","4,772",,4.570868,-74.297333,Colombia
48,Poland,51.919438,19.145136,6.123,"6,205","6,040","1,693","1,758","1,174","0,712","0,523","0,124","0,140","4,625",,9.748917,-83.753428,Costa Rica
49,El Salvador,13.794185,-88.89653,6.120,"6,250","5,990","2,514","1,265","0,768","0,607","0,666","0,089","0,212","3,779",,21.521757,-77.781167,Cuba
50,Kuwait*,29.31166,47.481766,6.106,"6,235","5,977","1,621","1,904","0,983","0,747","0,617","0,087","0,147","3,525",,16.002082,-24.013197,Cape Verde
51,Hungary,47.162494,19.503304,6.086,"6,187","5,985","1,812","1,748","1,233","0,668","0,485","0,078","0,064","4,793",,-10.447525,105.690449,Christmas Island
52,Mauritius,-20.348404,57.552152,6.071,"6,184","5,958","1,969","1,591","1,116","0,568","0,589","0,131","0,107","4,676",,35.126413,33.429859,Cyprus
53,Uzbekistan,41.377491,64.585262,6.063,"6,178","5,948","1,913","1,219","1,092","0,600","0,716","0,283","0,240","4,224",,49.817492,15.472962,Czechia
54,Japan,36.204824,138.252924,6.039,"6,119","5,959","1,487","1,835","1,089","0,866","0,537","0,007","0,218","4,411",,51.165691,10.451526,Germany
55,Honduras,15.199999,-86.241905,6.022,"6,189","5,855","2,611","1,111","0,885","0,555","0,582","0,202","0,076","3,722",,11.825138,42.590275,Djibouti
56,Portugal,39.399872,-8.224454,6.016,"6,122","5,911","1,691","1,760","1,078","0,777","0,655","0,016","0,039","4,529",,56.26392,9.501785,Denmark
57,Argentina,-38.416097,-63.616672,5.967,"6,090","5,844","1,891","1,592","1,102","0,662","0,555","0,081","0,085","4,585",,15.414999,-61.370976,Dominica
58,Greece,39.074208,21.824312,5.948,"6,043","5,853","2,119","1,703","0,980","0,774","0,249","0,015","0,108","3,822",,18.735693,-70.162651,Dominican Republic
59,South Korea,35.907757,127.766922,5.935,"6,021","5,849","1,656","1,851","0,886","0,841","0,414","0,111","0,176","3,507",,28.033886,1.659626,Algeria
60,Philippines,12.879721,121.774017,5.904,"6,007","5,800","2,283","1,268","0,912","0,514","0,678","0,107","0,142","3,551",,-1.831239,-78.183406,Ecuador
61,Thailand,15.870032,100.992541,5.891,"5,994","5,788","1,600","1,535","1,096","0,697","0,617","0,321","0,026","4,231",,58.595272,25.013607,Estonia
62,Moldova,47.411631,28.369885,5.857,"5,948","5,766","2,142","1,417","1,008","0,597","0,561","0,102","0,028","4,567",,26.820553,30.802498,Egypt
63,Jamaica,18.109581,-77.297508,5.850,"6,023","5,676","2,164","1,296","1,045","0,646","0,567","0,080","0,053","4,505",,24.215527,-12.885834,Western Sahara
64,Kyrgyzstan,41.20438,74.766098,5.828,"5,916","5,741","2,087","1,069","1,109","0,638","0,693","0,208","0,025","4,265",,15.179384,39.782334,Eritrea
65,Belarus*,53.709807,27.953389,5.821,"5,950","5,693","1,811","1,562","1,157","0,629","0,342","0,040","0,282","4,530",,40.463667,-3.74922,Spain
66,Colombia,4.570868,-74.297333,5.781,"5,903","5,659","1,971","1,452","0,929","0,720","0,545","0,087","0,077","3,423",,9.145,40.489673,Ethiopia
67,Bosnia and Herzegovina,43.915886,17.679076,5.768,"5,877","5,659","1,869","1,468","1,068","0,665","0,448","0,244","0,006","4,405",,61.92411,25.748151,Finland
68,Mongolia,46.862496,103.846656,5.761,"5,845","5,676","1,999","1,393","1,197","0,467","0,398","0,247","0,059","4,589",,-16.578193,179.414413,Fiji
69,Dominican Republic,18.735693,-70.162651,5.737,"5,873","5,601","1,751","1,538","1,003","0,577","0,606","0,084","0,179","4,292",,-51.796253,-59.523613,Falkland Islands [Islas Malvinas]
70,Malaysia,4.210484,101.975766,5.711,"5,845","5,578","1,471","1,689","0,938","0,620","0,654","0,213","0,126","3,160",,7.425554,150.550812,Micronesia
71,Bolivia,-16.290154,-63.588653,5.600,"5,709","5,491","2,107","1,256","0,880","0,555","0,627","0,112","0,064","3,363",,61.892635,-6.911806,Faroe Islands
72,China,35.86166,104.195397,5.585,"5,650","5,520","1,516","1,508","0,958","0,705","0,656","0,099","0,142","3,024",,46.227638,2.213749,France
73,Paraguay,-23.442503,-58.443832,5.578,"5,689","5,467","1,555","1,409","1,130","0,624","0,629","0,171","0,059","4,094",,-0.803689,11.609444,Gabon
74,Peru,-9.189967,-75.015152,5.559,"5,679","5,439","1,890","1,397","0,865","0,735","0,545","0,090","0,037","3,287",,55.378051,-3.435973,United Kingdom
75,Montenegro,42.708678,19.37439,5.547,"5,681","5,413","1,619","1,573","1,023","0,659","0,460","0,135","0,077","4,215",,12.262776,-61.604171,Grenada
76,Ecuador,-1.831239,-78.183406,5.533,"5,653","5,414","1,866","1,352","0,879","0,708","0,565","0,080","0,083","3,218",,42.315407,43.356892,Georgia
77,Vietnam,14.058324,108.277199,5.485,"5,570","5,400","1,735","1,252","0,932","0,611","0,707","0,143","0,105","2,987",,3.933889,-53.125782,French Guiana
78,Turkmenistan*,38.969719,59.556278,5.474,"5,578","5,371","1,160","1,484","1,319","0,516","0,649","0,314","0,032","3,963",,49.465691,-2.585278,Guernsey
79,North Cyprus,#N/A,#N/A,5.467,"5,609","5,325","1,078","1,815","0,888","0,819","0,523","0,130","0,213","2,893",,7.946527,-1.023194,Ghana
80,Russia,61.52401,105.318756,5.459,"5,525","5,392","1,494","1,685","1,095","0,586","0,401","0,117","0,080","4,274",,36.137741,-5.345374,Gibraltar
81,Hong Kong S.A.R. of China,22.396428,114.109497,5.425,"5,501","5,348","0,642","1,957","0,954","0,942","0,400","0,147","0,383","1,957",,71.706936,-42.604303,Greenland
82,Armenia,40.069099,45.038189,5.399,"5,519","5,278","1,654","1,434","0,820","0,668","0,558","0,054","0,210","3,088",,13.443182,-15.310139,Gambia
83,Tajikistan,38.861034,71.276093,5.377,"5,468","5,287","1,895","0,966","1,005","0,518","0,572","0,118","0,304","2,900",,9.945587,-9.696645,Guinea
84,Nepal,28.394857,84.124008,5.377,"5,502","5,251","2,224","0,984","0,784","0,499","0,519","0,237","0,130","2,224",,16.995971,-62.067641,Guadeloupe
85,Bulgaria,42.733883,25.48583,5.371,"5,485","5,257","1,235","1,625","1,163","0,640","0,563","0,123","0,021","4,023",,1.650801,10.267895,Equatorial Guinea
86,Libya*,26.3351,17.228331,5.330,"5,543","5,118","1,544","1,476","0,943","0,606","0,477","0,106","0,179","3,020",,39.074208,21.824312,Greece
87,Indonesia,-0.789275,113.921327,5.240,"5,341","5,139","1,300","1,382","0,883","0,539","0,620","0,468","0,047","2,682",,-54.429579,-36.587909,South Georgia and the South Sandwich Islands
88,Ivory Coast,#N/A,#N/A,5.235,"5,384","5,085","2,652","1,094","0,442","0,322","0,451","0,149","0,124","3,746",,15.783471,-90.230759,Guatemala
89,North Macedonia,41.608635,21.745275,5.199,"5,303","5,095","1,461","1,505","0,863","0,637","0,488","0,215","0,031","2,966",,13.444304,144.793731,Guam
90,Albania,41.153332,20.168331,5.199,"5,321","5,076","1,718","1,439","0,646","0,719","0,511","0,138","0,028","3,157",,11.803749,-15.180413,Guinea-Bissau
91,South Africa,-30.559482,22.937506,5.194,"5,315","5,073","1,742","1,425","1,088","0,361","0,442","0,089","0,046","4,255",,4.860416,-58.93018,Guyana
92,Azerbaijan*,40.143105,47.576927,5.173,"5,265","5,082","1,098","1,458","1,093","0,560","0,601","0,023","0,341","3,649",,31.354676,34.308825,Gaza Strip
93,Gambia*,13.443182,-15.310139,5.164,"5,409","4,918","2,531","0,785","0,621","0,369","0,367","0,388","0,103","2,531",,22.396428,114.109497,Hong Kong S.A.R. of China
94,Bangladesh,23.684994,90.356331,5.155,"5,262","5,049","1,967","1,060","0,614","0,581","0,622","0,125","0,187","3,027",,-53.08181,73.504158,Heard Island and McDonald Islands
95,Laos,19.85627,102.495496,5.140,"5,263","5,018","1,709","1,239","0,654","0,479","0,679","0,197","0,184","2,948",,15.199999,-86.241905,Honduras
96,Algeria,28.033886,1.659626,5.122,"5,215","5,030","1,744","1,363","0,970","0,643","0,146","0,106","0,150","3,107",,45.1,15.2,Croatia
97,Liberia*,6.428055,-9.429499,5.122,"5,428","4,815","2,844","0,636","0,670","0,309","0,405","0,178","0,080","2,844",,18.971187,-72.285215,Haiti
98,Ukraine,48.379433,31.16558,5.084,"5,190","4,978","1,331","1,411","1,081","0,583","0,473","0,188","0,017","3,823",,47.162494,19.503304,Hungary
99,Congo,-4.038333,21.758664,5.075,"5,235","4,915","2,658","0,950","0,405","0,355","0,431","0,130","0,146","2,658",,-0.789275,113.921327,Indonesia
100,Morocco,31.791702,-7.09262,5.060,"5,181","4,938","2,405","1,208","0,268","0,565","0,492","0,020","0,102","3,613",,53.41291,-8.24389,Ireland
101,Mozambique,-18.665695,35.529562,5.048,"5,273","4,823","2,641","0,578","0,660","0,191","0,593","0,185","0,200","2,641",,31.046051,34.851612,Israel
102,Cameroon,7.369722,12.354722,5.048,"5,188","4,907","2,469","0,968","0,672","0,317","0,397","0,152","0,074","2,469",,54.236107,-4.548056,Isle of Man
103,Senegal,14.497401,-14.452362,5.046,"5,171","4,921","2,419","0,933","0,530","0,447","0,494","0,143","0,081","2,419",,20.593684,78.96288,India
104,Niger*,17.607789,8.081666,5.003,"5,247","4,760","2,667","0,570","0,560","0,326","0,571","0,165","0,145","2,667",,-6.343194,71.876519,British Indian Ocean Territory
105,Georgia,42.315407,43.356892,4.973,"5,079","4,867","1,583","1,467","0,612","0,595","0,508","0,000","0,208","3,050",,33.223191,43.679291,Iraq
106,Gabon,-0.803689,11.609444,4.958,"5,091","4,826","1,892","1,459","0,738","0,396","0,343","0,032","0,099","3,351",,32.427908,53.688046,Iran
107,Iraq,33.223191,43.679291,4.941,"5,099","4,783","1,894","1,289","0,682","0,554","0,328","0,147","0,046","3,183",,64.963051,-19.020835,Iceland
108,Venezuela,6.42375,-66.58973,4.925,"5,051","4,800","2,790","0,000","0,968","0,578","0,283","0,225","0,082","2,790",,41.87194,12.56738,Italy
109,Guinea,9.945587,-9.696645,4.891,"5,028","4,753","2,538","0,848","0,566","0,275","0,334","0,214","0,116","2,538",,49.214439,-2.13125,Jersey
110,Iran,32.427908,53.688046,4.888,"4,995","4,780","1,427","1,410","0,741","0,642","0,281","0,241","0,146","2,837",,18.109581,-77.297508,Jamaica
111,Ghana,7.946527,-1.023194,4.872,"4,999","4,745","1,972","1,112","0,595","0,409","0,500","0,230","0,056","3,084",,30.585164,36.238414,Jordan
112,Turkey,38.963745,35.243322,4.744,"4,845","4,644","1,059","1,707","0,865","0,702","0,209","0,087","0,115","2,766",,36.204824,138.252924,Japan
113,Burkina Faso,12.238333,-1.561593,4.670,"4,814","4,527","2,313","0,779","0,565","0,320","0,382","0,186","0,126","2,313",,-0.023559,37.906193,Kenya
114,Cambodia,12.565679,104.990963,4.640,"4,765","4,516","1,410","1,019","0,732","0,505","0,740","0,166","0,068","2,429",,41.20438,74.766098,Kyrgyzstan
115,Benin,9.30769,2.315834,4.623,"4,754","4,492","2,458","0,932","0,064","0,335","0,479","0,127","0,230","2,458",,12.565679,104.990963,Cambodia
116,Comoros*,-11.875001,43.872219,4.609,"4,849","4,368","2,304","0,899","0,476","0,424","0,185","0,195","0,125","2,304",,-3.370417,-168.734039,Kiribati
117,Uganda,1.373333,32.290275,4.603,"4,747","4,459","1,842","0,777","0,875","0,418","0,402","0,222","0,066","1,842",,-11.875001,43.872219,Comoros
118,Nigeria,9.081999,8.675277,4.552,"4,651","4,453","1,784","1,079","0,732","0,300","0,444","0,175","0,038","2,863",,17.357822,-62.782998,Saint Kitts and Nevis
119,Kenya,-0.023559,37.906193,4.543,"4,683","4,403","1,661","1,032","0,605","0,401","0,440","0,322","0,082","2,693",,40.339852,127.510093,North Korea
120,Tunisia,33.886917,9.537499,4.516,"4,629","4,403","1,540","1,350","0,596","0,656","0,316","0,029","0,029","2,890",,35.907757,127.766922,South Korea
121,Pakistan,30.375321,69.345116,4.516,"4,634","4,397","1,940","1,049","0,413","0,374","0,448","0,181","0,112","2,989",,29.31166,47.481766,Kuwait
122,Palestinian Territories*,31.952162,35.233154,4.483,"4,665","4,300","1,368","1,148","0,957","0,521","0,336","0,073","0,079","2,516",,19.513469,-80.566956,Cayman Islands
123,Mali,17.570692,-3.996166,4.479,"4,611","4,347","2,373","0,792","0,483","0,311","0,350","0,128","0,042","2,373",,48.019573,66.923684,Kazakhstan
124,Namibia,-22.95764,18.49041,4.459,"4,593","4,326","1,414","1,292","0,877","0,354","0,384","0,067","0,071","2,706",,19.85627,102.495496,Laos
125,"Eswatini, Kingdom of*",#N/A,#N/A,4.396,"4,607","4,185","1,688","1,274","0,786","0,197","0,259","0,038","0,154","2,962",,33.854721,35.862285,Lebanon
126,Myanmar,21.913965,95.956223,4.394,"4,511","4,277","0,877","1,038","0,829","0,491","0,513","0,452","0,194","1,038",,13.909444,-60.978893,Saint Lucia
127,Sri Lanka,7.873054,80.771797,4.362,"4,487","4,237","0,595","1,415","0,934","0,660","0,529","0,150","0,079","1,415",,47.166,9.555373,Liechtenstein
128,Madagascar*,-18.766947,46.869107,4.339,"4,530","4,148","2,148","0,670","0,645","0,378","0,202","0,143","0,154","2,148",,7.873054,80.771797,Sri Lanka
129,Egypt,26.820553,30.802498,4.288,"4,377","4,198","0,856","1,388","0,732","0,548","0,469","0,041","0,254","1,388",,6.428055,-9.429499,Liberia
130,Chad*,15.454166,18.732207,4.251,"4,503","3,999","2,419","0,662","0,506","0,225","0,180","0,182","0,077","2,419",,-29.609988,28.233608,Lesotho
131,Ethiopia,9.145,40.489673,4.241,"4,365","4,118","1,375","0,788","0,809","0,457","0,472","0,205","0,136","1,375",,55.169438,23.881275,Lithuania
132,Yemen*,15.552727,48.516388,4.197,"4,384","4,010","1,561","0,691","1,043","0,384","0,330","0,090","0,098","2,604",,49.815273,6.129583,Luxembourg
133,Mauritania*,21.00789,-10.940835,4.153,"4,356","3,950","1,207","1,100","0,865","0,450","0,304","0,088","0,138","2,307",,56.879635,24.603189,Latvia
134,Jordan,30.585164,36.238414,4.152,"4,276","4,029","0,695","1,324","0,724","0,675","0,476","0,058","0,200","1,324",,26.3351,17.228331,Libya
135,Togo,8.619543,0.824782,4.112,"4,272","3,953","2,061","0,771","0,322","0,360","0,292","0,174","0,132","2,061",,31.791702,-7.09262,Morocco
136,India,20.593684,78.96288,3.777,"3,828","3,726","0,795","1,167","0,376","0,471","0,647","0,198","0,123","1,167",,43.750298,7.412841,Monaco
137,Zambia,-13.133897,27.849332,3.760,"3,902","3,618","1,135","0,930","0,577","0,306","0,525","0,203","0,083","1,135",,47.411631,28.369885,Moldova
138,Malawi,-13.254308,34.301525,3.750,"3,941","3,560","1,661","0,648","0,279","0,388","0,477","0,140","0,157","1,661",,42.708678,19.37439,Montenegro
139,Tanzania,-6.369028,34.888822,3.702,"3,847","3,558","0,735","0,848","0,597","0,425","0,578","0,248","0,270",0,,-18.766947,46.869107,Madagascar
140,Sierra Leone,8.460555,-11.779889,3.574,"3,732","3,416","1,556","0,686","0,416","0,273","0,387","0,202","0,055","1,556",,7.131474,171.184478,Marshall Islands
141,Lesotho*,-29.609988,28.233608,3.512,"3,748","3,276","1,312","0,839","0,848","0,000","0,419","0,076","0,018","1,312",,41.608635,21.745275,North Macedonia
142,Botswana*,-22.328474,24.684866,3.471,"3,667","3,275","0,187","1,503","0,815","0,280","0,571","0,012","0,102","1,503",,17.570692,-3.996166,Mali
143,Rwanda*,-1.940278,29.873888,3.268,"3,462","3,074","0,536","0,785","0,133","0,462","0,621","0,187","0,544",0,,21.913965,95.956223,Myanmar
144,Zimbabwe,-19.015438,29.154857,2.995,"3,110","2,880","0,548","0,947","0,690","0,270","0,329","0,106","0,105",0,,46.862496,103.846656,Mongolia
145,Lebanon,33.854721,35.862285,2.955,"3,049","2,862","0,216","1,392","0,498","0,631","0,103","0,082","0,034","1,392",,22.198745,113.543873,Macau
146,Afghanistan,33.93911,67.709953,2.404,"2,469","2,339","1,263","0,758","0,000","0,289","0,000","0,089","0,005","1,263",,17.33083,145.38469,Northern Mariana Islands
147,xx,,,,,,,,,,,,,,,14.641528,-61.024174,Martinique
,,,,,,,,,,,,,,,,21.00789,-10.940835,Mauritania
,,,,,,,,,,,,,,,,16.742498,-62.187366,Montserrat
,,,,,,,,,,,,,,,,35.937496,14.375416,Malta
,,,,,,,,,,,,,,,,-20.348404,57.552152,Mauritius
,,,,,,,,,,,,,,,,3.202778,73.22068,Maldives
,,,,,,,,,,,,,,,,-13.254308,34.301525,Malawi
,,,,,,,,,,,,,,,,23.634501,-102.552784,Mexico
,,,,,,,,,,,,,,,,4.210484,101.975766,Malaysia
,,,,,,,,,,,,,,,,-18.665695,35.529562,Mozambique
,,,,,,,,,,,,,,,,-22.95764,18.49041,Namibia
,,,,,,,,,,,,,,,,-20.904305,165.618042,New Caledonia
,,,,,,,,,,,,,,,,17.607789,8.081666,Niger
,,,,,,,,,,,,,,,,-29.040835,167.954712,Norfolk Island
,,,,,,,,,,,,,,,,9.081999,8.675277,Nigeria
,,,,,,,,,,,,,,,,12.865416,-85.207229,Nicaragua
,,,,,,,,,,,,,,,,52.132633,5.291266,Netherlands
,,,,,,,,,,,,,,,,60.472024,8.468946,Norway
,,,,,,,,,,,,,,,,28.394857,84.124008,Nepal
,,,,,,,,,,,,,,,,-0.522778,166.931503,Nauru
,,,,,,,,,,,,,,,,-19.054445,-169.867233,Niue
,,,,,,,,,,,,,,,,-40.900557,174.885971,New Zealand
,,,,,,,,,,,,,,,,21.512583,55.923255,Oman
,,,,,,,,,,,,,,,,8.537981,-80.782127,Panama
,,,,,,,,,,,,,,,,-9.189967,-75.015152,Peru
,,,,,,,,,,,,,,,,-17.679742,-149.406843,French Polynesia
,,,,,,,,,,,,,,,,-6.314993,143.95555,Papua New Guinea
,,,,,,,,,,,,,,,,12.879721,121.774017,Philippines
,,,,,,,,,,,,,,,,30.375321,69.345116,Pakistan
,,,,,,,,,,,,,,,,51.919438,19.145136,Poland
,,,,,,,,,,,,,,,,46.941936,-56.27111,Saint Pierre and Miquelon
,,,,,,,,,,,,,,,,-24.703615,-127.439308,Pitcairn Islands
,,,,,,,,,,,,,,,,18.220833,-66.590149,Puerto Rico
,,,,,,,,,,,,,,,,31.952162,35.233154,Palestinian Territories
,,,,,,,,,,,,,,,,39.399872,-8.224454,Portugal
,,,,,,,,,,,,,,,,7.51498,134.58252,Palau
,,,,,,,,,,,,,,,,-23.442503,-58.443832,Paraguay
,,,,,,,,,,,,,,,,25.354826,51.183884,Qatar
,,,,,,,,,,,,,,,,-21.115141,55.536384,R√©union
,,,,,,,,,,,,,,,,45.943161,24.96676,Romania
,,,,,,,,,,,,,,,,44.016521,21.005859,Serbia
,,,,,,,,,,,,,,,,61.52401,105.318756,Russia
,,,,,,,,,,,,,,,,-1.940278,29.873888,Rwanda
,,,,,,,,,,,,,,,,23.885942,45.079162,Saudi Arabia
,,,,,,,,,,,,,,,,-9.64571,160.156194,Solomon Islands
,,,,,,,,,,,,,,,,-4.679574,55.491977,Seychelles
,,,,,,,,,,,,,,,,12.862807,30.217636,Sudan
,,,,,,,,,,,,,,,,60.128161,18.643501,Sweden
,,,,,,,,,,,,,,,,1.352083,103.819836,Singapore
,,,,,,,,,,,,,,,,-24.143474,-10.030696,Saint Helena
,,,,,,,,,,,,,,,,46.151241,14.995463,Slovenia
,,,,,,,,,,,,,,,,77.553604,23.670272,Svalbard and Jan Mayen
,,,,,,,,,,,,,,,,48.669026,19.699024,Slovakia
,,,,,,,,,,,,,,,,8.460555,-11.779889,Sierra Leone
,,,,,,,,,,,,,,,,43.94236,12.457777,San Marino
,,,,,,,,,,,,,,,,14.497401,-14.452362,Senegal
,,,,,,,,,,,,,,,,5.152149,46.199616,Somalia
,,,,,,,,,,,,,,,,3.919305,-56.027783,Suriname
,,,,,,,,,,,,,,,,0.18636,6.613081,S√£o Tom√© and Pr√≠ncipe
,,,,,,,,,,,,,,,,13.794185,-88.89653,El Salvador
,,,,,,,,,,,,,,,,34.802075,38.996815,Syria
,,,,,,,,,,,,,,,,-26.522503,31.465866,Swaziland
,,,,,,,,,,,,,,,,21.694025,-71.797928,Turks and Caicos Islands
,,,,,,,,,,,,,,,,15.454166,18.732207,Chad
,,,,,,,,,,,,,,,,-49.280366,69.348557,French Southern Territories
,,,,,,,,,,,,,,,,8.619543,0.824782,Togo
,,,,,,,,,,,,,,,,15.870032,100.992541,Thailand
,,,,,,,,,,,,,,,,38.861034,71.276093,Tajikistan
,,,,,,,,,,,,,,,,-8.967363,-171.855881,Tokelau
,,,,,,,,,,,,,,,,-8.874217,125.727539,Timor-Leste
,,,,,,,,,,,,,,,,38.969719,59.556278,Turkmenistan
,,,,,,,,,,,,,,,,33.886917,9.537499,Tunisia
,,,,,,,,,,,,,,,,-21.178986,-175.198242,Tonga
,,,,,,,,,,,,,,,,38.963745,35.243322,Turkey
,,,,,,,,,,,,,,,,10.691803,-61.222503,Trinidad and Tobago
,,,,,,,,,,,,,,,,-7.109535,177.64933,Tuvalu
,,,,,,,,,,,,,,,,23.69781,120.960515,Taiwan Province of China
,,,,,,,,,,,,,,,,-6.369028,34.888822,Tanzania
,,,,,,,,,,,,,,,,48.379433,31.16558,Ukraine
,,,,,,,,,,,,,,,,1.373333,32.290275,Uganda
,,,,,,,,,,,,,,,,,,U.S. Minor Outlying Islands
,,,,,,,,,,,,,,,,37.09024,-95.712891,United States
,,,,,,,,,,,,,,,,-32.522779,-55.765835,Uruguay
,,,,,,,,,,,,,,,,41.377491,64.585262,Uzbekistan
,,,,,,,,,,,,,,,,41.902916,12.453389,Vatican City
,,,,,,,,,,,,,,,,12.984305,-61.287228,Saint Vincent and the Grenadines
,,,,,,,,,,,,,,,,6.42375,-66.58973,Venezuela
,,,,,,,,,,,,,,,,18.420695,-64.639968,British Virgin Islands
,,,,,,,,,,,,,,,,18.335765,-64.896335,U.S. Virgin Islands
,,,,,,,,,,,,,,,,14.058324,108.277199,Vietnam
,,,,,,,,,,,,,,,,-15.376706,166.959158,Vanuatu
,,,,,,,,,,,,,,,,-13.768752,-177.156097,Wallis and Futuna
,,,,,,,,,,,,,,,,-13.759029,-172.104629,Samoa
,,,,,,,,,,,,,,,,42.602636,20.902977,Kosovo
,,,,,,,,,,,,,,,,15.552727,48.516388,Yemen
,,,,,,,,,,,,,,,,-12.8275,45.166244,Mayotte
,,,,,,,,,,,,,,,,-30.559482,22.937506,South Africa
,,,,,,,,,,,,,,,,-13.133897,27.849332,Zambia
,,,,,,,,,,,,,,,,-19.015438,29.154857,Zimbabwe
